,user_id,trans_not_from_offer_ratio
1,2,1.5
2,3,2.0
10,11,1.0
14,15,0.8333333333333334
19,20,1.3333333333333333
36,37,0.75
40,41,0.75
41,42,1.0
43,44,1.0
49,50,1.25
50,51,0.75
52,53,2.0
59,60,0.75
60,61,1.5
68,69,0.8
69,70,1.0
75,76,1.0
78,79,1.0
80,81,0.8
87,88,1.0
100,101,1.3333333333333333
103,104,1.2
111,112,0.75
118,119,1.0
124,125,1.5
128,129,0.75
135,136,1.4
138,139,0.75
142,143,1.0
150,151,0.75
152,153,1.0
157,158,2.0
165,166,1.0
176,177,0.75
188,189,1.0
191,192,0.75
194,195,0.75
197,198,0.8
204,205,5.0
205,206,1.0
224,225,1.5
231,232,1.0
239,240,5.0
245,246,1.0
253,254,1.0
255,256,1.3333333333333333
268,269,1.5
271,272,1.5
280,281,1.0
282,283,0.75
284,285,1.2
295,296,1.3333333333333333
297,298,0.75
307,308,1.0
308,309,0.8
320,321,1.6666666666666667
323,324,2.0
332,333,1.0
335,336,1.0
336,337,1.0
355,356,1.0
361,362,2.0
362,363,1.5
370,371,2.5
373,374,1.0
386,387,1.0
393,394,0.8
398,399,1.3333333333333333
402,403,0.8
407,408,1.6666666666666667
417,418,1.6666666666666667
419,420,1.0
421,422,1.0
425,426,1.0
436,437,1.0
437,438,2.0
438,439,1.3333333333333333
439,440,2.3333333333333335
440,441,1.0
451,452,1.0
459,460,2.0
465,466,1.0
471,472,1.0
485,486,1.0
486,487,1.75
494,495,1.25
500,501,0.8
505,506,1.6666666666666667
513,514,1.0
516,517,1.5
529,530,2.5
535,536,1.0
565,566,1.0
567,568,1.0
568,569,3.0
569,570,2.5
578,579,1.0
581,582,1.0
590,591,1.2
597,598,0.75
599,600,2.3333333333333335
604,605,1.0
633,634,0.8
635,636,1.0
645,646,1.3333333333333333
664,665,0.75
665,666,0.75
680,681,1.0
683,684,1.0
684,685,0.8
685,686,0.75
686,687,0.75
702,703,0.8
709,710,0.8
713,714,0.75
747,748,0.75
752,753,1.75
753,754,0.75
754,755,1.5
758,759,0.75
760,761,1.0
786,787,0.8
789,790,1.0
790,791,2.0
793,794,1.0
794,795,0.75
799,800,3.0
801,802,0.75
804,805,1.6666666666666667
811,812,1.0
820,821,1.25
825,826,1.0
831,832,1.0
842,843,1.0
843,844,1.0
857,858,1.3333333333333333
871,872,1.0
872,873,999.0
874,875,1.0
877,878,1.5
907,908,1.5
909,910,3.0
914,915,1.0
917,918,1.3333333333333333
920,921,2.0
921,922,0.75
933,934,2.0
936,937,2.0
944,945,1.25
945,946,1.4
946,947,4.0
953,954,0.75
959,960,0.8
963,964,1.0
983,984,1.0
989,990,0.8
994,995,0.75
1016,1017,0.75
1018,1019,1.0
1024,1025,0.8
1025,1026,1.25
1028,1029,1.0
1029,1030,1.3333333333333333
1044,1045,1.0
1047,1048,1.0
1052,1053,1.0
1056,1057,0.75
1063,1064,0.8
1066,1067,1.3333333333333333
1094,1095,0.75
1106,1107,1.3333333333333333
1110,1111,1.0
1115,1116,1.0
1118,1119,1.25
1120,1121,2.0
1122,1123,1.0
1128,1129,0.75
1133,1134,0.75
1135,1136,0.75
1136,1137,1.0
1139,1140,1.0
1143,1144,1.0
1152,1153,1.0
1154,1155,0.75
1167,1168,1.6666666666666667
1176,1177,0.75
1177,1178,1.3333333333333333
1179,1180,1.6666666666666667
1186,1187,0.75
1201,1202,1.5
1206,1207,1.0
1209,1210,1.6
1213,1214,1.0
1226,1227,1.0
1227,1228,0.75
1229,1230,1.0
1237,1238,1.0
1242,1243,0.75
1260,1261,1.6666666666666667
1265,1266,1.0
1275,1276,0.75
1288,1289,1.0
1290,1291,0.75
1296,1297,3.5
1312,1313,1.3333333333333333
1315,1316,1.3333333333333333
1318,1319,2.0
1319,1320,2.5
1322,1323,1.6666666666666667
1323,1324,1.75
1331,1332,1.75
1341,1342,1.0
1352,1353,0.75
1355,1356,0.75
1358,1359,0.75
1363,1364,1.0
1368,1369,1.0
1376,1377,9.0
1377,1378,1.3333333333333333
1382,1383,1.25
1387,1388,0.75
1391,1392,1.5
1402,1403,2.5
1412,1413,1.25
1424,1425,1.0
1427,1428,0.75
1432,1433,1.0
1435,1436,1.6666666666666667
1453,1454,1.5
1459,1460,0.75
1462,1463,0.75
1476,1477,1.25
1477,1478,0.75
1483,1484,1.0
1491,1492,1.0
1509,1510,0.75
1514,1515,1.0
1522,1523,0.75
1535,1536,1.0
1542,1543,1.3333333333333333
1545,1546,1.0
1552,1553,1.5
1561,1562,0.75
1597,1598,3.0
1598,1599,1.6666666666666667
1600,1601,1.75
1605,1606,1.0
1607,1608,1.0
1608,1609,1.4
1610,1611,1.0
1613,1614,1.0
1619,1620,0.8
1630,1631,1.75
1635,1636,1.0
1646,1647,1.75
1648,1649,1.0
1675,1676,1.0
1690,1691,1.25
1693,1694,1.3333333333333333
1695,1696,0.8
1697,1698,0.75
1704,1705,1.0
1707,1708,1.0
1709,1710,1.1666666666666667
1710,1711,0.75
1725,1726,1.0
1726,1727,1.0
1729,1730,1.0
1743,1744,0.75
1747,1748,1.0
1756,1757,0.75
1763,1764,1.2
1771,1772,0.8
1786,1787,1.25
1790,1791,1.0
1793,1794,1.4
1794,1795,2.0
1796,1797,1.0
1804,1805,1.25
1810,1811,0.8
1819,1820,0.8
1826,1827,3.0
1830,1831,1.0
1837,1838,1.0
1841,1842,0.75
1855,1856,0.75
1856,1857,0.75
1867,1868,1.5
1875,1876,1.3333333333333333
1880,1881,1.0
1888,1889,1.0
1898,1899,1.0
1905,1906,1.0
1910,1911,2.5
1917,1918,1.0
1926,1927,4.0
1928,1929,1.5
1929,1930,0.8
1933,1934,1.0
1938,1939,1.0
1952,1953,1.3333333333333333
1957,1958,2.3333333333333335
1969,1970,1.0
1970,1971,1.25
1972,1973,1.6666666666666667
1974,1975,0.75
1977,1978,0.75
1979,1980,1.6666666666666667
1984,1985,0.75
1991,1992,2.5
2012,2013,1.0
2013,2014,0.75
2020,2021,1.0
2050,2051,0.8333333333333334
2056,2057,0.8
2065,2066,1.0
2066,2067,0.8
2069,2070,1.0
2075,2076,1.0
2082,2083,1.0
2089,2090,0.75
2113,2114,1.5
2117,2118,0.75
2120,2121,1.0
2121,2122,1.25
2127,2128,1.0
2132,2133,2.0
2137,2138,0.75
2139,2140,1.0
2142,2143,1.0
2143,2144,0.8
2152,2153,1.0
2158,2159,0.75
2163,2164,2.0
2164,2165,1.5
2166,2167,5.0
2168,2169,1.0
2169,2170,0.75
2172,2173,1.0
2173,2174,1.0
2187,2188,0.8333333333333334
2205,2206,0.75
2206,2207,1.0
2209,2210,1.75
2214,2215,1.0
2215,2216,0.75
2217,2218,1.0
2228,2229,0.8333333333333334
2240,2241,0.75
2245,2246,2.3333333333333335
2248,2249,1.4
2252,2253,0.75
2257,2258,1.0
2259,2260,0.75
2272,2273,1.0
2274,2275,5.0
2288,2289,0.8
2290,2291,0.75
2291,2292,0.75
2293,2294,0.8
2294,2295,0.8
2297,2298,2.0
2323,2324,0.8
2328,2329,1.0
2343,2344,1.6666666666666667
2345,2346,1.5
2346,2347,1.0
2349,2350,1.0
2351,2352,1.0
2352,2353,0.8
2360,2361,1.0
2361,2362,1.0
2380,2381,1.0
2383,2384,1.0
2416,2417,0.75
2418,2419,0.8
2426,2427,1.0
2434,2435,4.5
2442,2443,1.0
2450,2451,1.0
2451,2452,0.75
2453,2454,1.0
2454,2455,1.6666666666666667
2478,2479,0.75
2491,2492,1.0
2495,2496,2.5
2505,2506,3.0
2508,2509,1.3333333333333333
2513,2514,1.0
2514,2515,0.75
2518,2519,1.3333333333333333
2520,2521,0.75
2521,2522,0.75
2527,2528,1.4
2533,2534,0.8
2534,2535,1.0
2537,2538,1.2
2545,2546,1.0
2548,2549,1.0
2549,2550,1.25
2550,2551,1.0
2552,2553,1.0
2556,2557,1.25
2557,2558,3.0
2570,2571,0.75
2597,2598,1.0
2598,2599,0.8
2601,2602,2.0
2605,2606,1.0
2611,2612,1.3333333333333333
2616,2617,0.8
2620,2621,0.8333333333333334
2639,2640,0.75
2644,2645,2.0
2682,2683,1.0
2684,2685,1.3333333333333333
2695,2696,1.0
2697,2698,0.75
2700,2701,1.0
2722,2723,1.0
2740,2741,2.0
2750,2751,1.0
2755,2756,1.0
2756,2757,2.0
2757,2758,2.3333333333333335
2761,2762,1.0
2765,2766,1.0
2766,2767,0.8
2773,2774,0.75
2780,2781,0.8
2789,2790,1.0
2790,2791,1.0
2802,2803,4.0
2813,2814,0.75
2815,2816,2.3333333333333335
2817,2818,1.3333333333333333
2820,2821,1.5
2828,2829,2.3333333333333335
2840,2841,1.6666666666666667
2843,2844,1.0
2848,2849,2.0
2850,2851,2.5
2854,2855,1.25
2856,2857,0.75
2857,2858,0.75
2860,2861,1.0
2862,2863,1.0
2863,2864,2.3333333333333335
2867,2868,3.0
2878,2879,1.0
2879,2880,1.0
2890,2891,1.0
2891,2892,1.0
2895,2896,0.8
2896,2897,0.75
2899,2900,0.75
2904,2905,1.0
2909,2910,2.0
2911,2912,1.5
2914,2915,1.0
2917,2918,1.6666666666666667
2929,2930,0.75
2938,2939,1.75
2942,2943,2.0
2943,2944,1.0
2945,2946,0.75
2955,2956,0.75
2956,2957,0.8
2989,2990,1.0
2990,2991,1.3333333333333333
2997,2998,1.6666666666666667
3001,3002,2.0
3019,3020,1.0
3032,3033,0.75
3034,3035,0.75
3048,3049,0.8
3051,3052,1.0
3053,3054,1.0
3055,3056,0.75
3060,3061,1.25
3066,3067,1.0
3068,3069,2.0
3072,3073,1.0
3077,3078,1.0
3081,3082,1.0
3083,3084,1.5
3090,3091,1.5
3092,3093,1.3333333333333333
3093,3094,0.75
3098,3099,2.5
3104,3105,0.75
3107,3108,1.6666666666666667
3112,3113,0.75
3137,3138,0.75
3141,3142,0.8
3142,3143,1.0
3147,3148,1.0
3151,3152,0.8
3186,3187,0.8333333333333334
3206,3207,1.0
3207,3208,1.0
3209,3210,1.0
3213,3214,0.75
3216,3217,1.5
3220,3221,0.75
3221,3222,2.3333333333333335
3227,3228,1.3333333333333333
3236,3237,1.0
3245,3246,0.8
3258,3259,0.8333333333333334
3278,3279,0.8
3285,3286,1.25
3288,3289,1.0
3290,3291,1.6666666666666667
3295,3296,1.0
3301,3302,1.0
3302,3303,5.0
3310,3311,4.5
3312,3313,1.3333333333333333
3313,3314,1.0
3318,3319,1.0
3322,3323,0.75
3325,3326,1.0
3333,3334,1.0
3351,3352,0.75
3358,3359,1.3333333333333333
3365,3366,1.0
3370,3371,1.0
3376,3377,1.0
3381,3382,0.75
3386,3387,1.0
3390,3391,2.0
3398,3399,1.0
3407,3408,1.0
3420,3421,2.3333333333333335
3421,3422,1.3333333333333333
3426,3427,1.75
3428,3429,0.75
3436,3437,1.0
3447,3448,0.75
3449,3450,1.0
3454,3455,1.6666666666666667
3465,3466,1.0
3470,3471,1.0
3476,3477,1.0
3480,3481,1.75
3491,3492,0.75
3493,3494,1.3333333333333333
3498,3499,1.3333333333333333
3505,3506,1.0
3507,3508,1.0
3514,3515,1.0
3515,3516,1.75
3526,3527,1.25
3527,3528,1.0
3528,3529,1.0
3561,3562,1.2
3581,3582,1.3333333333333333
3584,3585,3.5
3592,3593,1.3333333333333333
3597,3598,2.5
3598,3599,1.2
3599,3600,1.0
3608,3609,1.3333333333333333
3609,3610,0.75
3611,3612,0.8
3615,3616,4.0
3626,3627,0.75
3633,3634,0.75
3637,3638,1.0
3638,3639,1.6666666666666667
3639,3640,1.3333333333333333
3648,3649,0.75
3650,3651,1.0
3655,3656,1.0
3658,3659,1.0
3674,3675,2.3333333333333335
3680,3681,2.0
3688,3689,0.75
3694,3695,1.75
3696,3697,0.75
3700,3701,2.0
3712,3713,0.8
3719,3720,2.0
3725,3726,0.75
3732,3733,0.75
3737,3738,0.75
3739,3740,1.0
3740,3741,1.3333333333333333
3744,3745,1.0
3766,3767,0.75
3767,3768,0.75
3787,3788,1.3333333333333333
3805,3806,0.75
3811,3812,0.8
3815,3816,1.0
3817,3818,0.75
3829,3830,0.75
3833,3834,1.0
3837,3838,0.8
3853,3854,0.8
3857,3858,0.75
3872,3873,2.0
3873,3874,0.8
3875,3876,3.0
3877,3878,1.0
3893,3894,1.0
3906,3907,0.75
3907,3908,1.0
3908,3909,1.75
3915,3916,0.75
3917,3918,1.4
3925,3926,1.0
3930,3931,1.25
3932,3933,1.6666666666666667
3948,3949,1.3333333333333333
3956,3957,1.0
3963,3964,1.0
3979,3980,0.75
3986,3987,1.0
3987,3988,0.75
3996,3997,1.0
3998,3999,0.75
4016,4017,0.8
4020,4021,1.3333333333333333
4026,4027,0.75
4027,4028,1.5
4029,4030,1.0
4033,4034,1.0
4035,4036,1.0
4039,4040,1.0
4053,4054,1.2
4059,4060,0.8
4060,4061,1.3333333333333333
4065,4066,1.25
4074,4075,1.25
4089,4090,1.0
4094,4095,0.75
4104,4105,2.0
4105,4106,0.75
4115,4116,1.0
4123,4124,1.0
4134,4135,0.75
4136,4137,1.0
4137,4138,1.75
4146,4147,2.0
4156,4157,1.0
4165,4166,1.0
4166,4167,1.0
4169,4170,0.75
4176,4177,1.2
4209,4210,1.0
4212,4213,0.8
4216,4217,1.25
4233,4234,1.25
4250,4251,1.5
4261,4262,1.0
4266,4267,1.0
4279,4280,1.5
4283,4284,0.75
4284,4285,1.0
4286,4287,1.0
4289,4290,1.0
4292,4293,0.75
4293,4294,1.5
4294,4295,0.75
4295,4296,1.0
4298,4299,1.0
4299,4300,1.5
4300,4301,1.6666666666666667
4306,4307,1.5
4307,4308,1.25
4311,4312,1.25
4314,4315,1.25
4316,4317,1.0
4328,4329,0.8333333333333334
4343,4344,1.0
4346,4347,0.8
4361,4362,1.3333333333333333
4366,4367,0.75
4367,4368,1.5
4372,4373,0.75
4378,4379,0.75
4380,4381,0.75
4389,4390,1.0
4400,4401,0.75
4403,4404,1.0
4413,4414,1.0
4414,4415,3.0
4420,4421,1.0
4428,4429,1.0
4429,4430,2.0
4443,4444,1.0
4458,4459,1.5
4463,4464,1.0
4465,4466,0.75
4466,4467,0.8333333333333334
4471,4472,1.2
4475,4476,1.0
4476,4477,1.5
4484,4485,0.75
4485,4486,1.5
4502,4503,1.6666666666666667
4503,4504,2.0
4504,4505,1.0
4505,4506,1.25
4527,4528,1.25
4532,4533,0.75
4533,4534,0.75
4537,4538,1.0
4546,4547,4.5
4548,4549,2.0
4552,4553,0.8
4562,4563,1.3333333333333333
4564,4565,0.75
4581,4582,1.5
4583,4584,1.25
4588,4589,1.0
4590,4591,1.3333333333333333
4591,4592,1.3333333333333333
4597,4598,1.0
4600,4601,0.8
4602,4603,1.3333333333333333
4603,4604,1.3333333333333333
4604,4605,1.25
4616,4617,1.0
4620,4621,0.75
4625,4626,1.5
4626,4627,1.0
4628,4629,1.3333333333333333
4634,4635,1.0
4639,4640,1.3333333333333333
4640,4641,0.75
4643,4644,1.6666666666666667
4645,4646,0.8
4651,4652,1.0
4661,4662,0.8
4666,4667,0.75
4668,4669,1.0
4690,4691,1.0
4696,4697,0.75
4699,4700,0.8
4702,4703,0.75
4704,4705,1.0
4707,4708,0.8
4708,4709,1.0
4709,4710,1.0
4726,4727,0.8
4731,4732,1.0
4754,4755,0.75
4759,4760,1.0
4772,4773,2.0
4773,4774,0.75
4786,4787,1.0
4790,4791,1.0
4794,4795,0.75
4797,4798,1.0
4805,4806,1.3333333333333333
4812,4813,0.8
4842,4843,1.0
4846,4847,1.0
4852,4853,0.75
4857,4858,1.0
4861,4862,1.6666666666666667
4862,4863,1.0
4875,4876,1.0
4876,4877,1.4
4877,4878,1.0
4878,4879,1.0
4882,4883,0.75
4886,4887,1.3333333333333333
4895,4896,1.0
4898,4899,1.25
4901,4902,0.8
4902,4903,1.0
4919,4920,1.3333333333333333
4920,4921,1.5
4930,4931,0.75
4937,4938,2.0
4950,4951,0.75
4953,4954,1.6666666666666667
4955,4956,1.0
4960,4961,1.5
4962,4963,1.6666666666666667
4966,4967,1.0
4967,4968,3.0
4969,4970,2.5
4972,4973,2.0
4975,4976,0.75
4976,4977,0.75
4981,4982,2.0
4984,4985,0.75
4988,4989,0.75
4994,4995,2.0
4995,4996,1.4
4998,4999,2.0
5002,5003,1.25
5003,5004,0.75
5007,5008,1.5
5009,5010,0.75
5014,5015,1.0
5023,5024,1.0
5032,5033,0.75
5047,5048,1.3333333333333333
5049,5050,0.75
5050,5051,1.0
5056,5057,0.75
5057,5058,1.25
5062,5063,0.75
5079,5080,2.0
5082,5083,1.5
5087,5088,1.0
5093,5094,1.0
5095,5096,1.25
5100,5101,2.5
5107,5108,1.0
5109,5110,0.8
5110,5111,1.5
5131,5132,1.75
5132,5133,0.75
5135,5136,1.3333333333333333
5153,5154,1.3333333333333333
5158,5159,1.3333333333333333
5169,5170,0.75
5172,5173,1.0
5173,5174,1.0
5178,5179,2.5
5185,5186,1.0
5191,5192,1.0
5197,5198,0.75
5206,5207,0.8
5211,5212,1.3333333333333333
5219,5220,1.6666666666666667
5221,5222,1.6666666666666667
5230,5231,0.75
5231,5232,1.0
5241,5242,2.0
5244,5245,1.0
5253,5254,1.6666666666666667
5264,5265,2.0
5269,5270,1.3333333333333333
5272,5273,3.0
5277,5278,0.8
5288,5289,0.75
5292,5293,2.0
5296,5297,2.0
5299,5300,0.8
5300,5301,1.6666666666666667
5310,5311,4.0
5314,5315,1.0
5323,5324,0.75
5324,5325,1.0
5328,5329,6.0
5329,5330,0.75
5347,5348,1.0
5386,5387,1.0
5416,5417,0.8
5419,5420,2.0
5425,5426,999.0
5437,5438,0.8
5447,5448,1.0
5451,5452,0.75
5463,5464,1.0
5464,5465,1.3333333333333333
5465,5466,0.8
5467,5468,1.25
5469,5470,0.75
5481,5482,1.6666666666666667
5483,5484,1.0
5484,5485,2.0
5486,5487,0.8
5487,5488,1.0
5492,5493,2.5
5497,5498,0.75
5502,5503,1.6
5514,5515,1.0
5529,5530,2.0
5544,5545,1.6666666666666667
5546,5547,1.25
5549,5550,1.0
5553,5554,1.25
5554,5555,1.0
5557,5558,0.8
5558,5559,1.5
5559,5560,1.6666666666666667
5584,5585,5.0
5585,5586,2.0
5596,5597,1.0
5601,5602,0.75
5602,5603,0.75
5606,5607,1.0
5609,5610,1.0
5611,5612,1.25
5620,5621,0.8
5622,5623,1.0
5628,5629,1.0
5639,5640,999.0
5647,5648,1.25
5648,5649,0.8
5649,5650,0.75
5652,5653,1.0
5655,5656,1.0
5662,5663,2.3333333333333335
5666,5667,0.8
5668,5669,1.6666666666666667
5669,5670,1.3333333333333333
5676,5677,1.5
5680,5681,1.0
5681,5682,1.2
5701,5702,1.0
5702,5703,1.0
5703,5704,1.5
5718,5719,1.6666666666666667
5736,5737,1.3333333333333333
5739,5740,0.75
5757,5758,1.6666666666666667
5760,5761,1.3333333333333333
5761,5762,0.8
5777,5778,1.0
5787,5788,0.75
5788,5789,0.75
5790,5791,1.0
5799,5800,1.25
5801,5802,0.75
5828,5829,0.75
5838,5839,0.75
5844,5845,1.0
5854,5855,2.0
5859,5860,3.0
5872,5873,1.3333333333333333
5876,5877,1.0
5877,5878,0.75
5885,5886,6.0
5906,5907,1.0
5908,5909,3.5
5920,5921,0.8
5935,5936,0.75
5940,5941,1.0
5943,5944,1.25
5952,5953,1.5
5954,5955,0.75
5956,5957,0.8
5977,5978,1.0
5981,5982,0.8
5982,5983,1.3333333333333333
5983,5984,2.5
5987,5988,1.5
6000,6001,1.6666666666666667
6002,6003,0.8
6005,6006,1.25
6013,6014,1.25
6020,6021,0.75
6028,6029,0.8
6033,6034,0.75
6040,6041,1.0
6052,6053,2.0
6064,6065,1.0
6081,6082,1.6666666666666667
6099,6100,2.0
6102,6103,1.5
6105,6106,1.0
6116,6117,1.3333333333333333
6126,6127,1.3333333333333333
6132,6133,2.0
6139,6140,1.0
6140,6141,1.25
6155,6156,1.2
6159,6160,1.0
6160,6161,1.0
6161,6162,0.8
6170,6171,1.0
6172,6173,0.8
6181,6182,0.75
6183,6184,0.75
6184,6185,1.3333333333333333
6189,6190,1.75
6191,6192,0.75
6194,6195,0.75
6197,6198,1.0
6206,6207,1.25
6210,6211,1.0
6213,6214,1.0
6216,6217,1.0
6222,6223,1.0
6228,6229,2.0
6232,6233,0.75
6233,6234,1.0
6247,6248,1.2
6275,6276,1.0
6276,6277,1.6666666666666667
6285,6286,0.8
6294,6295,1.5
6295,6296,1.0
6301,6302,0.75
6306,6307,4.0
6310,6311,1.0
6312,6313,0.8333333333333334
6313,6314,1.25
6314,6315,0.8
6325,6326,1.0
6332,6333,1.0
6350,6351,2.0
6373,6374,1.0
6379,6380,0.75
6383,6384,1.6666666666666667
6385,6386,1.3333333333333333
6391,6392,1.0
6400,6401,1.6666666666666667
6410,6411,0.75
6414,6415,0.8
6415,6416,0.8
6435,6436,1.25
6436,6437,1.0
6447,6448,1.2
6454,6455,1.3333333333333333
6458,6459,0.75
6462,6463,1.3333333333333333
6465,6466,0.75
6470,6471,1.3333333333333333
6474,6475,1.0
6475,6476,1.5
6477,6478,1.75
6483,6484,0.75
6486,6487,1.0
6487,6488,0.75
6493,6494,6.0
6494,6495,1.0
6505,6506,0.75
6511,6512,1.0
6520,6521,0.8
6524,6525,1.0
6529,6530,2.0
6531,6532,2.0
6551,6552,1.0
6559,6560,1.0
6586,6587,1.5
6594,6595,1.0
6599,6600,0.75
6603,6604,1.4
6605,6606,1.0
6607,6608,1.25
6612,6613,0.8
6616,6617,0.75
6618,6619,1.0
6624,6625,3.0
6630,6631,1.0
6631,6632,1.3333333333333333
6638,6639,2.0
6652,6653,0.75
6653,6654,0.75
6657,6658,1.3333333333333333
6668,6669,0.8
6673,6674,1.0
6686,6687,1.0
6688,6689,1.3333333333333333
6694,6695,1.0
6720,6721,0.8
6738,6739,0.75
6741,6742,1.0
6748,6749,0.8
6749,6750,3.0
6756,6757,1.0
6777,6778,1.0
6782,6783,1.0
6789,6790,999.0
6797,6798,3.0
6806,6807,2.0
6807,6808,1.5
6814,6815,1.25
6815,6816,0.75
6819,6820,2.0
6827,6828,3.0
6829,6830,0.8
6831,6832,0.75
6835,6836,1.0
6837,6838,1.0
6838,6839,1.0
6842,6843,1.0
6847,6848,1.3333333333333333
6848,6849,1.0
6853,6854,0.75
6862,6863,0.75
6864,6865,0.75
6866,6867,1.6666666666666667
6869,6870,1.6666666666666667
6876,6877,1.0
6879,6880,1.0
6883,6884,1.0
6891,6892,1.0
6893,6894,0.75
6897,6898,0.75
6899,6900,0.8
6901,6902,1.0
6906,6907,2.0
6907,6908,0.8
6911,6912,1.0
6920,6921,1.0
6923,6924,1.5
6925,6926,1.0
6938,6939,0.75
6942,6943,0.8
6949,6950,4.0
6950,6951,0.8
6951,6952,1.0
6953,6954,0.8333333333333334
6983,6984,1.6666666666666667
6985,6986,0.75
6992,6993,2.0
7009,7010,1.0
7013,7014,0.75
7016,7017,1.0
7019,7020,0.75
7020,7021,1.0
7022,7023,1.0
7031,7032,0.8
7034,7035,0.8
7037,7038,4.0
7046,7047,1.25
7056,7057,0.75
7057,7058,1.0
7063,7064,1.0
7068,7069,1.0
7069,7070,1.0
7074,7075,1.0
7086,7087,0.75
7096,7097,1.3333333333333333
7099,7100,2.0
7116,7117,1.0
7131,7132,0.8333333333333334
7136,7137,1.25
7138,7139,1.0
7145,7146,1.0
7149,7150,1.5
7151,7152,1.0
7153,7154,0.75
7173,7174,0.75
7176,7177,1.0
7197,7198,2.5
7199,7200,0.75
7200,7201,1.0
7203,7204,1.0
7205,7206,1.0
7211,7212,1.0
7215,7216,0.75
7218,7219,0.8
7234,7235,3.5
7237,7238,0.75
7243,7244,1.0
7251,7252,2.0
7272,7273,1.25
7283,7284,1.0
7291,7292,0.75
7312,7313,1.0
7323,7324,2.0
7337,7338,0.75
7347,7348,1.5
7359,7360,1.0
7363,7364,1.0
7370,7371,0.75
7379,7380,1.0
7385,7386,0.75
7387,7388,1.0
7395,7396,1.6666666666666667
7409,7410,2.25
7410,7411,0.75
7421,7422,0.75
7429,7430,1.0
7433,7434,1.0
7435,7436,1.0
7437,7438,0.8
7439,7440,2.0
7452,7453,1.5
7455,7456,1.0
7471,7472,0.8
7475,7476,2.0
7479,7480,1.0
7484,7485,0.75
7485,7486,1.0
7493,7494,1.0
7506,7507,1.25
7508,7509,1.0
7514,7515,1.0
7515,7516,1.3333333333333333
7516,7517,1.0
7519,7520,1.2
7539,7540,0.8
7552,7553,0.75
7559,7560,0.75
7564,7565,1.0
7569,7570,0.75
7578,7579,1.6666666666666667
7581,7582,0.8
7593,7594,0.75
7596,7597,0.75
7601,7602,0.75
7605,7606,2.5
7609,7610,1.0
7634,7635,0.75
7646,7647,1.0
7652,7653,0.8
7653,7654,2.25
7654,7655,1.0
7655,7656,1.0
7665,7666,3.5
7676,7677,1.4
7683,7684,2.5
7684,7685,0.75
7695,7696,1.3333333333333333
7697,7698,1.3333333333333333
7706,7707,1.0
7719,7720,1.0
7722,7723,0.75
7724,7725,2.5
7727,7728,0.75
7733,7734,1.75
7737,7738,1.3333333333333333
7759,7760,0.8
7760,7761,1.0
7766,7767,1.6666666666666667
7771,7772,0.75
7779,7780,1.0
7786,7787,2.0
7793,7794,1.0
7798,7799,1.3333333333333333
7812,7813,1.0
7816,7817,1.0
7820,7821,1.0
7824,7825,1.5
7829,7830,1.5
7837,7838,1.6666666666666667
7845,7846,4.0
7867,7868,0.8
7876,7877,0.8
7882,7883,1.0
7900,7901,1.5
7921,7922,0.8333333333333334
7922,7923,1.3333333333333333
7925,7926,0.75
7935,7936,2.3333333333333335
7936,7937,0.8
7939,7940,1.0
7940,7941,1.5
7944,7945,1.25
7948,7949,1.25
7952,7953,1.5
7959,7960,1.0
7962,7963,1.5
7970,7971,0.8333333333333334
7978,7979,1.0
7979,7980,1.3333333333333333
7984,7985,2.0
7993,7994,1.25
8010,8011,1.0
8014,8015,1.0
8016,8017,3.0
8022,8023,1.3333333333333333
8049,8050,0.75
8051,8052,1.0
8055,8056,1.0
8056,8057,0.75
8059,8060,1.0
8063,8064,0.8
8069,8070,1.0
8079,8080,1.0
8080,8081,2.5
8096,8097,1.3333333333333333
8126,8127,0.75
8129,8130,0.75
8135,8136,1.0
8138,8139,0.8
8141,8142,1.25
8156,8157,0.75
8163,8164,1.0
8174,8175,3.0
8175,8176,0.8
8180,8181,1.25
8195,8196,1.3333333333333333
8200,8201,0.75
8204,8205,1.75
8214,8215,0.75
8219,8220,0.75
8221,8222,1.4
8224,8225,2.0
8226,8227,1.6666666666666667
8233,8234,0.75
8236,8237,3.0
8237,8238,0.8333333333333334
8251,8252,2.0
8262,8263,1.0
8264,8265,1.6666666666666667
8266,8267,1.5
8277,8278,1.3333333333333333
8290,8291,1.0
8293,8294,1.6666666666666667
8299,8300,6.0
8305,8306,1.0
8315,8316,0.75
8325,8326,1.6666666666666667
8329,8330,1.6666666666666667
8330,8331,1.5
8337,8338,1.0
8338,8339,0.75
8346,8347,1.3333333333333333
8355,8356,0.75
8357,8358,1.6666666666666667
8366,8367,1.0
8374,8375,0.75
8379,8380,2.0
8382,8383,3.0
8388,8389,1.0
8393,8394,2.0
8409,8410,0.75
8411,8412,1.0
8425,8426,1.6666666666666667
8426,8427,0.75
8433,8434,1.0
8434,8435,0.75
8454,8455,0.75
8459,8460,0.75
8463,8464,1.0
8464,8465,0.75
8469,8470,1.0
8484,8485,1.0
8497,8498,0.8
8507,8508,2.0
8510,8511,0.75
8511,8512,1.0
8518,8519,1.0
8520,8521,1.0
8526,8527,3.0
8528,8529,1.5
8537,8538,1.0
8545,8546,1.0
8548,8549,1.3333333333333333
8550,8551,0.75
8564,8565,1.5
8565,8566,2.0
8580,8581,0.75
8589,8590,0.8
8590,8591,0.75
8595,8596,0.8
8603,8604,1.0
8607,8608,0.8
8619,8620,1.0
8634,8635,0.8
8642,8643,1.0
8643,8644,0.8
8645,8646,3.0
8653,8654,1.25
8668,8669,1.1666666666666667
8673,8674,0.75
8684,8685,1.3333333333333333
8699,8700,0.75
8701,8702,1.0
8703,8704,1.5
8745,8746,1.4
8767,8768,1.5
8768,8769,1.0
8769,8770,0.75
8770,8771,1.0
8776,8777,0.75
8780,8781,0.8
8791,8792,1.0
8793,8794,0.75
8794,8795,0.75
8795,8796,1.6666666666666667
8801,8802,0.75
8815,8816,0.75
8826,8827,0.75
8863,8864,1.0
8870,8871,0.75
8875,8876,0.75
8896,8897,1.0
8901,8902,0.8
8903,8904,2.5
8923,8924,2.0
8924,8925,0.75
8927,8928,1.0
8941,8942,0.75
8950,8951,0.75
8954,8955,1.5
8957,8958,1.2
8958,8959,0.75
8967,8968,1.3333333333333333
8971,8972,0.8
8990,8991,1.0
8999,9000,1.3333333333333333
9005,9006,1.0
9008,9009,0.75
9014,9015,1.6666666666666667
9018,9019,0.75
9032,9033,0.8333333333333334
9033,9034,1.6666666666666667
9036,9037,0.75
9038,9039,1.0
9039,9040,1.5
9054,9055,1.3333333333333333
9058,9059,0.8
9061,9062,0.8
9068,9069,1.6666666666666667
9070,9071,1.5
9082,9083,0.75
9095,9096,1.0
9103,9104,1.2
9118,9119,1.3333333333333333
9120,9121,0.8
9124,9125,1.0
9126,9127,1.0
9137,9138,1.0
9143,9144,2.25
9160,9161,0.8
9161,9162,1.0
9176,9177,0.8
9182,9183,0.8
9183,9184,1.3333333333333333
9189,9190,1.0
9190,9191,1.0
9191,9192,1.0
9194,9195,0.75
9196,9197,0.8
9201,9202,1.3333333333333333
9207,9208,1.5
9216,9217,0.8
9218,9219,2.0
9224,9225,3.0
9228,9229,2.5
9229,9230,1.25
9233,9234,0.75
9237,9238,3.0
9247,9248,1.0
9248,9249,1.6
9251,9252,2.0
9252,9253,0.75
9258,9259,1.6666666666666667
9259,9260,1.0
9265,9266,1.2
9296,9297,1.75
9297,9298,1.0
9298,9299,0.8
9299,9300,2.0
9302,9303,0.75
9313,9314,1.0
9320,9321,2.0
9321,9322,0.75
9322,9323,1.25
9324,9325,2.0
9329,9330,0.75
9335,9336,1.25
9341,9342,1.25
9344,9345,1.8333333333333333
9347,9348,0.8
9348,9349,0.75
9353,9354,1.0
9355,9356,0.75
9360,9361,3.0
9362,9363,1.25
9364,9365,1.75
9374,9375,0.8
9375,9376,1.0
9377,9378,2.0
9380,9381,1.0
9381,9382,0.75
9402,9403,1.0
9409,9410,1.0
9419,9420,1.0
9425,9426,0.75
9431,9432,2.0
9443,9444,1.0
9444,9445,1.3333333333333333
9453,9454,3.0
9459,9460,0.8
9467,9468,0.8333333333333334
9474,9475,2.0
9479,9480,1.0
9484,9485,1.75
9488,9489,1.3333333333333333
9490,9491,0.8
9492,9493,0.75
9495,9496,1.2
9497,9498,1.25
9522,9523,1.5
9525,9526,1.0
9526,9527,1.0
9533,9534,1.0
9535,9536,1.0
9537,9538,1.6666666666666667
9550,9551,0.75
9552,9553,3.0
9555,9556,0.75
9572,9573,2.0
9573,9574,1.25
9595,9596,1.6666666666666667
9603,9604,0.8
9604,9605,1.5
9606,9607,2.0
9611,9612,1.0
9618,9619,2.0
9631,9632,0.75
9634,9635,1.0
9642,9643,1.25
9648,9649,1.25
9650,9651,1.5
9652,9653,1.0
9654,9655,5.0
9656,9657,1.3333333333333333
9668,9669,0.75
9673,9674,2.0
9676,9677,5.0
9684,9685,1.0
9686,9687,0.75
9687,9688,1.0
9690,9691,1.0
9701,9702,1.5
9705,9706,1.0
9706,9707,0.75
9718,9719,1.5
9724,9725,1.0
9737,9738,1.5
9754,9755,1.0
9755,9756,0.75
9759,9760,1.0
9764,9765,1.3333333333333333
9776,9777,0.75
9777,9778,1.0
9790,9791,1.6666666666666667
9803,9804,0.8333333333333334
9810,9811,1.0
9817,9818,1.3333333333333333
9822,9823,1.0
9830,9831,1.6666666666666667
9831,9832,1.0
9849,9850,0.8
9854,9855,3.0
9864,9865,0.8
9865,9866,1.75
9872,9873,1.5
9876,9877,0.75
9877,9878,0.75
9883,9884,1.0
9885,9886,1.0
9887,9888,0.75
9898,9899,1.25
9899,9900,2.0
9901,9902,0.8
9903,9904,1.0
9908,9909,1.0
9911,9912,1.0
9922,9923,0.8
9923,9924,0.75
9938,9939,0.75
9943,9944,1.3333333333333333
9945,9946,0.75
9950,9951,2.0
9957,9958,1.3333333333333333
9962,9963,1.0
9965,9966,2.5
9970,9971,1.0
9976,9977,1.0
9980,9981,0.75
9981,9982,0.75
9996,9997,0.8
10001,10002,4.0
10018,10019,1.3333333333333333
10020,10021,0.75
10023,10024,2.0
10026,10027,0.75
10027,10028,0.75
10039,10040,1.0
10042,10043,1.0
10044,10045,1.0
10048,10049,0.8333333333333334
10053,10054,1.3333333333333333
10057,10058,1.6666666666666667
10059,10060,0.8
10062,10063,1.0
10066,10067,0.8
10074,10075,1.75
10081,10082,1.25
10088,10089,1.6666666666666667
10093,10094,1.0
10100,10101,0.75
10107,10108,1.25
10108,10109,0.75
10109,10110,0.75
10112,10113,1.0
10116,10117,2.0
10118,10119,1.5
10129,10130,0.75
10133,10134,0.75
10150,10151,2.0
10160,10161,1.25
10164,10165,0.75
10184,10185,4.0
10194,10195,1.3333333333333333
10201,10202,0.75
10202,10203,1.25
10213,10214,3.0
10214,10215,1.3333333333333333
10215,10216,1.3333333333333333
10216,10217,0.75
10246,10247,1.0
10255,10256,0.75
10270,10271,1.0
10277,10278,0.75
10280,10281,1.6666666666666667
10284,10285,1.3333333333333333
10296,10297,1.0
10299,10300,0.8
10313,10314,1.0
10323,10324,1.3333333333333333
10324,10325,1.2
10326,10327,1.6666666666666667
10332,10333,0.75
10337,10338,1.25
10367,10368,0.8
10378,10379,0.75
10384,10385,0.75
10385,10386,1.6666666666666667
10388,10389,1.6666666666666667
10396,10397,1.0
10407,10408,1.3333333333333333
10408,10409,1.0
10418,10419,1.0
10445,10446,0.75
10448,10449,1.6666666666666667
10450,10451,1.3333333333333333
10461,10462,0.75
10467,10468,1.3333333333333333
10472,10473,7.0
10478,10479,1.25
10509,10510,1.0
10520,10521,1.25
10523,10524,0.75
10527,10528,1.0
10532,10533,1.0
10536,10537,1.6666666666666667
10538,10539,1.3333333333333333
10547,10548,1.0
10554,10555,0.8
10557,10558,2.0
10567,10568,1.0
10569,10570,1.25
10573,10574,1.0
10574,10575,2.0
10582,10583,0.8
10584,10585,1.3333333333333333
10587,10588,1.0
10591,10592,1.25
10595,10596,1.3333333333333333
10609,10610,0.75
10610,10611,1.5
10633,10634,1.0
10639,10640,1.0
10640,10641,1.0
10641,10642,1.0
10643,10644,0.75
10650,10651,1.0
10668,10669,1.0
10670,10671,0.75
10672,10673,0.75
10673,10674,1.0
10677,10678,2.0
10682,10683,0.8
10686,10687,2.0
10687,10688,0.75
10690,10691,1.0
10692,10693,1.3333333333333333
10699,10700,2.0
10708,10709,0.75
10716,10717,0.75
10719,10720,3.0
10723,10724,1.6666666666666667
10746,10747,1.0
10753,10754,1.0
10757,10758,0.75
10767,10768,1.0
10770,10771,0.8
10773,10774,0.8
10787,10788,1.6666666666666667
10791,10792,2.6666666666666665
10792,10793,1.0
10794,10795,0.75
10804,10805,1.0
10807,10808,0.75
10820,10821,0.75
10830,10831,1.0
10835,10836,0.75
10841,10842,1.2
10845,10846,1.5
10849,10850,2.0
10852,10853,1.0
10855,10856,1.0
10869,10870,0.8
10886,10887,1.0
10901,10902,2.0
10903,10904,1.0
10904,10905,1.5
10906,10907,2.5
10907,10908,1.5
10928,10929,1.25
10939,10940,1.0
10944,10945,4.0
10951,10952,1.5
10954,10955,1.0
10968,10969,1.3333333333333333
10972,10973,1.0
10973,10974,1.5
10976,10977,1.0
10998,10999,1.3333333333333333
11001,11002,0.75
11004,11005,0.75
11007,11008,0.75
11008,11009,1.0
11011,11012,0.75
11019,11020,0.8
11032,11033,1.3333333333333333
11041,11042,1.0
11047,11048,1.2
11052,11053,1.0
11055,11056,0.75
11060,11061,1.6666666666666667
11065,11066,1.25
11069,11070,0.75
11070,11071,0.8
11076,11077,0.8
11083,11084,1.0
11084,11085,1.5
11085,11086,1.0
11093,11094,0.8
11096,11097,1.0
11106,11107,1.2
11110,11111,1.3333333333333333
11114,11115,1.0
11126,11127,0.75
11133,11134,1.0
11139,11140,1.0
11143,11144,1.5
11151,11152,1.0
11167,11168,1.5
11174,11175,0.8
11176,11177,1.3333333333333333
11185,11186,2.3333333333333335
11192,11193,2.25
11193,11194,1.5
11199,11200,6.0
11202,11203,0.75
11203,11204,0.75
11210,11211,1.3333333333333333
11214,11215,1.0
11216,11217,1.3333333333333333
11219,11220,1.5
11222,11223,1.25
11223,11224,0.75
11248,11249,1.0
11249,11250,1.0
11251,11252,0.75
11265,11266,1.0
11270,11271,0.8
11280,11281,1.0
11290,11291,0.8
11315,11316,0.8
11325,11326,0.75
11334,11335,1.0
11346,11347,1.0
11353,11354,1.0
11356,11357,1.0
11362,11363,0.8
11388,11389,1.0
11393,11394,1.3333333333333333
11396,11397,0.75
11399,11400,0.75
11401,11402,1.0
11403,11404,1.0
11407,11408,0.8
11420,11421,2.3333333333333335
11421,11422,1.3333333333333333
11424,11425,1.25
11428,11429,1.6666666666666667
11435,11436,1.25
11437,11438,0.75
11440,11441,1.0
11441,11442,2.0
11443,11444,0.75
11448,11449,2.5
11475,11476,1.0
11476,11477,1.0
11493,11494,2.0
11494,11495,2.0
11507,11508,0.75
11510,11511,1.0
11517,11518,0.75
11518,11519,0.8
11519,11520,1.2
11525,11526,1.0
11542,11543,1.0
11546,11547,1.5
11548,11549,0.75
11555,11556,0.75
11556,11557,0.75
11557,11558,1.3333333333333333
11564,11565,2.0
11572,11573,2.3333333333333335
11576,11577,0.8
11605,11606,2.0
11606,11607,1.4
11617,11618,1.0
11639,11640,2.5
11649,11650,0.75
11653,11654,0.75
11655,11656,1.0
11659,11660,1.6666666666666667
11662,11663,1.0
11670,11671,0.8
11671,11672,1.6666666666666667
11674,11675,1.25
11675,11676,0.75
11679,11680,1.5
11682,11683,1.3333333333333333
11686,11687,1.0
11693,11694,0.8
11699,11700,1.0
11700,11701,0.75
11701,11702,1.0
11702,11703,1.0
11708,11709,1.0
11718,11719,1.3333333333333333
11721,11722,3.5
11724,11725,1.0
11728,11729,0.75
11733,11734,0.75
11736,11737,0.75
11737,11738,0.75
11742,11743,1.0
11760,11761,1.0
11771,11772,1.0
11775,11776,1.0
11786,11787,1.6666666666666667
11791,11792,0.75
11799,11800,0.75
11816,11817,0.75
11821,11822,1.0
11838,11839,0.75
11850,11851,0.75
11851,11852,0.75
11858,11859,9.0
11861,11862,0.75
11873,11874,1.3333333333333333
11874,11875,0.8
11876,11877,1.3333333333333333
11879,11880,1.0
11881,11882,0.8
11890,11891,1.4
11900,11901,0.8
11914,11915,1.0
11917,11918,0.75
11925,11926,3.0
11929,11930,1.0
11940,11941,1.5
11944,11945,0.75
11945,11946,0.75
11948,11949,0.8
11965,11966,0.75
11966,11967,1.3333333333333333
11967,11968,1.0
11972,11973,0.8
11981,11982,1.5
11986,11987,2.0
11988,11989,2.6666666666666665
11989,11990,1.2
11996,11997,1.0
12009,12010,1.25
12020,12021,1.0
12038,12039,0.8
12047,12048,2.5
12085,12086,1.0
12104,12105,1.0
12114,12115,0.8
12115,12116,1.0
12116,12117,1.3333333333333333
12133,12134,4.0
12142,12143,2.0
12151,12152,1.3333333333333333
12152,12153,0.8
12156,12157,1.6666666666666667
12162,12163,1.6666666666666667
12178,12179,0.8
12189,12190,0.8
12202,12203,0.8
12207,12208,1.0
12213,12214,1.0
12217,12218,0.75
12219,12220,1.5
12234,12235,1.0
12235,12236,1.3333333333333333
12237,12238,4.0
12238,12239,1.3333333333333333
12239,12240,1.3333333333333333
12241,12242,1.0
12242,12243,0.75
12251,12252,0.8
12265,12266,1.5
12267,12268,1.6666666666666667
12272,12273,1.3333333333333333
12277,12278,1.3333333333333333
12280,12281,1.0
12288,12289,5.0
12290,12291,0.75
12294,12295,1.0
12308,12309,1.0
12314,12315,1.5
12333,12334,1.25
12353,12354,0.75
12361,12362,0.75
12368,12369,1.25
12382,12383,3.0
12389,12390,1.5
12391,12392,1.0
12400,12401,0.8
12403,12404,0.8
12405,12406,1.0
12406,12407,1.0
12407,12408,1.0
12408,12409,1.5
12411,12412,1.0
12412,12413,1.0
12420,12421,1.3333333333333333
12421,12422,1.25
12422,12423,1.5
12423,12424,1.0
12424,12425,1.25
12429,12430,1.6666666666666667
12432,12433,1.0
12441,12442,1.6666666666666667
12444,12445,0.75
12454,12455,2.0
12462,12463,1.0
12464,12465,0.75
12476,12477,10.0
12480,12481,1.0
12482,12483,0.8333333333333334
12488,12489,0.75
12493,12494,1.0
12499,12500,1.5
12500,12501,1.0
12501,12502,1.25
12516,12517,1.5
12533,12534,1.5
12537,12538,7.0
12540,12541,2.0
12541,12542,1.0
12548,12549,1.0
12551,12552,0.75
12578,12579,0.8
12581,12582,0.8333333333333334
12584,12585,1.0
12587,12588,1.6666666666666667
12593,12594,1.0
12597,12598,2.0
12598,12599,1.3333333333333333
12600,12601,0.75
12604,12605,0.75
12607,12608,1.3333333333333333
12613,12614,5.0
12615,12616,0.75
12625,12626,1.25
12628,12629,0.8
12631,12632,1.0
12632,12633,1.3333333333333333
12643,12644,1.6666666666666667
12651,12652,1.0
12656,12657,1.6666666666666667
12659,12660,3.0
12662,12663,1.25
12664,12665,1.0
12666,12667,2.0
12683,12684,0.8
12686,12687,2.0
12693,12694,1.0
12697,12698,0.75
12700,12701,2.0
12702,12703,1.0
12706,12707,1.0
12710,12711,1.0
12724,12725,1.5
12730,12731,1.0
12737,12738,1.5
12739,12740,1.6666666666666667
12740,12741,0.8
12753,12754,1.0
12755,12756,1.25
12760,12761,1.0
12764,12765,0.75
12765,12766,0.75
12774,12775,3.0
12785,12786,2.3333333333333335
12795,12796,1.3333333333333333
12804,12805,0.75
12807,12808,0.75
12812,12813,1.0
12827,12828,1.5
12832,12833,1.0
12835,12836,0.75
12844,12845,3.0
12855,12856,1.5
12862,12863,1.5
12871,12872,1.3333333333333333
12877,12878,1.25
12891,12892,1.0
12893,12894,0.75
12894,12895,1.0
12898,12899,1.6666666666666667
12904,12905,1.0
12915,12916,3.5
12926,12927,1.3333333333333333
12937,12938,1.3333333333333333
12945,12946,4.0
12947,12948,1.0
12948,12949,1.3333333333333333
12968,12969,1.0
12969,12970,1.5
12974,12975,1.5
12980,12981,0.8
12992,12993,1.0
12993,12994,1.0
12996,12997,1.0
12998,12999,2.3333333333333335
13002,13003,0.75
13007,13008,2.0
13009,13010,0.8
13010,13011,0.75
13011,13012,0.75
13017,13018,1.0
13018,13019,1.0
13026,13027,0.75
13036,13037,0.75
13038,13039,1.0
13055,13056,1.0
13063,13064,1.0
13069,13070,1.0
13071,13072,1.6666666666666667
13072,13073,1.0
13076,13077,1.2
13090,13091,1.0
13095,13096,1.0
13100,13101,1.2
13107,13108,0.75
13117,13118,1.0
13130,13131,1.0
13144,13145,1.0
13145,13146,1.3333333333333333
13146,13147,1.0
13152,13153,1.0
13180,13181,1.0
13192,13193,0.8
13196,13197,1.3333333333333333
13203,13204,1.0
13226,13227,1.3333333333333333
13236,13237,1.0
13239,13240,1.0
13241,13242,1.0
13258,13259,1.0
13262,13263,3.0
13273,13274,0.8
13279,13280,1.0
13286,13287,1.0
13296,13297,1.5
13301,13302,0.75
13316,13317,1.0
13322,13323,0.75
13328,13329,0.8
13340,13341,0.75
13342,13343,0.8
13350,13351,2.5
13355,13356,1.5
13363,13364,1.0
13367,13368,2.0
13375,13376,1.0
13389,13390,0.75
13403,13404,0.75
13404,13405,1.3333333333333333
13405,13406,3.0
13407,13408,1.25
13409,13410,0.75
13410,13411,1.25
13412,13413,1.0
13413,13414,1.3333333333333333
13414,13415,1.3333333333333333
13430,13431,1.25
13432,13433,0.75
13437,13438,2.0
13448,13449,1.6666666666666667
13456,13457,0.75
13457,13458,1.0
13459,13460,0.75
13461,13462,1.0
13463,13464,0.8
13464,13465,0.75
13471,13472,1.5
13475,13476,0.8333333333333334
13484,13485,1.0
13486,13487,1.0
13489,13490,0.75
13492,13493,1.0
13503,13504,0.75
13516,13517,0.8
13524,13525,0.75
13526,13527,1.0
13527,13528,0.75
13563,13564,1.0
13566,13567,1.6666666666666667
13569,13570,1.5
13570,13571,1.0
13590,13591,1.3333333333333333
13591,13592,1.1666666666666667
13595,13596,0.75
13596,13597,0.75
13598,13599,1.0
13600,13601,0.75
13603,13604,1.3333333333333333
13612,13613,2.3333333333333335
13629,13630,1.0
13634,13635,1.0
13644,13645,2.3333333333333335
13651,13652,1.0
13659,13660,1.3333333333333333
13675,13676,1.0
13678,13679,0.75
13679,13680,1.3333333333333333
13687,13688,2.5
13688,13689,1.0
13695,13696,1.25
13702,13703,1.0
13703,13704,1.3333333333333333
13704,13705,1.0
13709,13710,0.8
13716,13717,1.6666666666666667
13717,13718,0.75
13720,13721,1.0
13723,13724,0.75
13742,13743,1.0
13747,13748,1.0
13762,13763,0.8
13763,13764,1.0
13764,13765,1.1666666666666667
13765,13766,1.0
13774,13775,1.3333333333333333
13775,13776,1.5
13776,13777,0.8
13777,13778,0.75
13779,13780,1.6
13788,13789,1.3333333333333333
13790,13791,1.0
13799,13800,1.0
13800,13801,1.0
13803,13804,1.0
13804,13805,0.75
13805,13806,1.0
13814,13815,1.0
13816,13817,1.0
13831,13832,1.0
13832,13833,1.5
13836,13837,0.75
13840,13841,1.0
13841,13842,1.0
13843,13844,0.75
13844,13845,1.0
13845,13846,0.8
13850,13851,1.0
13855,13856,1.3333333333333333
13858,13859,1.0
13859,13860,1.5
13865,13866,1.0
13873,13874,1.5
13878,13879,1.0
13887,13888,1.0
13889,13890,0.75
13909,13910,1.0
13924,13925,1.0
13936,13937,1.0
13941,13942,0.75
13944,13945,0.75
13955,13956,0.75
13956,13957,2.0
13961,13962,3.0
14002,14003,1.0
14004,14005,1.3333333333333333
14012,14013,0.75
14017,14018,1.0
14025,14026,1.25
14026,14027,0.8
14038,14039,0.75
14039,14040,1.5
14046,14047,1.0
14065,14066,0.75
14078,14079,1.2
14080,14081,1.0
14082,14083,1.0
14083,14084,1.0
14086,14087,0.75
14087,14088,2.5
14088,14089,1.25
14100,14101,0.75
14103,14104,1.0
14130,14131,2.0
14135,14136,0.75
14142,14143,2.5
14146,14147,1.75
14148,14149,1.0
14181,14182,1.0
14186,14187,1.75
14187,14188,1.0
14190,14191,1.3333333333333333
14192,14193,1.0
14194,14195,1.0
14195,14196,0.75
14198,14199,0.75
14209,14210,0.8
14225,14226,0.8
14228,14229,1.25
14235,14236,1.6666666666666667
14244,14245,2.0
14256,14257,1.5
14258,14259,1.0
14260,14261,1.0
14275,14276,0.75
14292,14293,1.0
14312,14313,1.0
14320,14321,1.0
14321,14322,3.0
14331,14332,1.5
14335,14336,1.25
14343,14344,1.25
14348,14349,1.0
14355,14356,0.75
14369,14370,2.0
14382,14383,1.5
14395,14396,0.75
14398,14399,1.5
14404,14405,0.75
14406,14407,1.3333333333333333
14408,14409,1.0
14420,14421,2.5
14422,14423,1.0
14428,14429,1.0
14432,14433,0.75
14433,14434,0.75
14438,14439,0.75
14440,14441,1.5
14442,14443,4.0
14453,14454,0.8
14461,14462,3.0
14463,14464,0.75
14473,14474,1.5
14484,14485,0.75
14486,14487,1.0
14491,14492,1.5
14497,14498,1.0
14504,14505,1.0
14510,14511,0.75
14517,14518,0.75
14520,14521,1.3333333333333333
14524,14525,1.0
14527,14528,1.0
14529,14530,5.0
14542,14543,1.0
14563,14564,0.75
14566,14567,1.0
14573,14574,2.0
14577,14578,0.8
14578,14579,1.0
14582,14583,4.0
14584,14585,0.75
14588,14589,1.0
14592,14593,2.0
14597,14598,1.3333333333333333
14608,14609,0.8333333333333334
14613,14614,1.0
14625,14626,1.3333333333333333
14630,14631,1.5
14636,14637,1.0
14649,14650,1.0
14650,14651,1.0
14651,14652,1.0
14668,14669,1.6666666666666667
14684,14685,2.0
14693,14694,1.0
14698,14699,2.0
14701,14702,0.75
14717,14718,1.0
14725,14726,1.0
14740,14741,1.5
14741,14742,1.0
14745,14746,1.3333333333333333
14752,14753,1.4
14754,14755,1.6666666666666667
14763,14764,999.0
14765,14766,0.75
14775,14776,1.0
14777,14778,1.5
14781,14782,2.0
14785,14786,0.75
14801,14802,1.6666666666666667
14809,14810,2.25
14817,14818,1.6666666666666667
14834,14835,0.75
14837,14838,1.0
14844,14845,1.0
14848,14849,1.0
14850,14851,0.8
14853,14854,0.75
14854,14855,1.0
14855,14856,1.0
14856,14857,1.0
14859,14860,1.0
14866,14867,0.75
14880,14881,1.0
14893,14894,2.0
14908,14909,0.75
14911,14912,2.0
14913,14914,0.75
14917,14918,1.0
14922,14923,0.75
14930,14931,1.0
14931,14932,1.2
14935,14936,1.0
14960,14961,0.75
14972,14973,1.0
14984,14985,1.3333333333333333
14999,15000,1.25
15004,15005,1.2
15011,15012,1.25
15013,15014,1.0
15016,15017,1.0
15021,15022,2.5
15027,15028,0.75
15029,15030,2.0
15033,15034,0.75
15037,15038,0.75
15038,15039,1.3333333333333333
15043,15044,1.0
15046,15047,2.0
15048,15049,0.75
15057,15058,1.0
15061,15062,1.6666666666666667
15075,15076,2.0
15082,15083,1.3333333333333333
15084,15085,1.0
15092,15093,1.0
15095,15096,1.0
15104,15105,0.75
15113,15114,0.8333333333333334
15118,15119,0.8
15120,15121,1.25
15129,15130,2.0
15135,15136,0.8
15139,15140,0.75
15145,15146,1.4
15146,15147,1.6666666666666667
15149,15150,1.0
15171,15172,1.25
15182,15183,1.3333333333333333
15185,15186,0.75
15197,15198,0.75
15205,15206,0.75
15211,15212,0.8
15232,15233,0.75
15234,15235,1.0
15247,15248,1.0
15252,15253,0.8
15253,15254,1.0
15254,15255,1.0
15257,15258,1.0
15260,15261,1.0
15262,15263,1.0
15269,15270,1.5
15270,15271,1.75
15292,15293,1.75
15306,15307,1.0
15309,15310,1.0
15318,15319,1.0
15321,15322,1.3333333333333333
15323,15324,1.3333333333333333
15325,15326,1.5
15344,15345,1.0
15352,15353,1.0
15365,15366,1.3333333333333333
15366,15367,1.0
15379,15380,0.8
15380,15381,1.3333333333333333
15384,15385,1.3333333333333333
15387,15388,0.75
15390,15391,1.0
15391,15392,999.0
15396,15397,1.25
15424,15425,0.8
15425,15426,1.25
15431,15432,2.3333333333333335
15432,15433,5.0
15451,15452,1.5
15457,15458,1.0
15474,15475,1.0
15484,15485,1.0
15493,15494,0.75
15496,15497,1.0
15501,15502,0.75
15502,15503,1.0
15519,15520,1.25
15520,15521,6.0
15522,15523,1.0
15527,15528,1.0
15530,15531,1.0
15534,15535,1.0
15535,15536,0.75
15536,15537,0.75
15548,15549,1.25
15561,15562,1.5
15564,15565,1.0
15575,15576,0.75
15576,15577,1.0
15581,15582,0.75
15590,15591,1.3333333333333333
15592,15593,1.0
15593,15594,1.0
15600,15601,4.0
15601,15602,1.0
15616,15617,1.25
15623,15624,0.75
15629,15630,1.2
15646,15647,0.75
15647,15648,0.75
15648,15649,3.0
15650,15651,1.8
15653,15654,1.0
15656,15657,1.6666666666666667
15658,15659,1.0
15664,15665,1.2
15668,15669,1.3333333333333333
15673,15674,2.0
15674,15675,2.0
15691,15692,1.3333333333333333
15710,15711,1.0
15732,15733,0.8
15743,15744,0.75
15747,15748,1.25
15750,15751,2.5
15756,15757,1.0
15762,15763,1.0
15772,15773,0.75
15776,15777,1.0
15782,15783,4.0
15793,15794,1.0
15796,15797,1.0
15810,15811,1.0
15821,15822,0.75
15823,15824,1.5
15829,15830,1.0
15834,15835,5.0
15842,15843,1.25
15845,15846,1.0
15859,15860,2.0
15868,15869,1.0
15874,15875,1.3333333333333333
15875,15876,0.75
15883,15884,1.25
15884,15885,1.25
15897,15898,1.0
15899,15900,1.25
15900,15901,3.0
15904,15905,0.75
15906,15907,1.0
15911,15912,0.8
15926,15927,0.75
15932,15933,1.6666666666666667
15933,15934,1.0
15936,15937,0.75
15943,15944,1.5
15954,15955,1.0
15965,15966,1.0
15967,15968,1.6666666666666667
15975,15976,3.5
15976,15977,1.3333333333333333
15978,15979,1.3333333333333333
15987,15988,1.5
15993,15994,1.3333333333333333
15998,15999,0.75
16008,16009,1.3333333333333333
16010,16011,0.75
16032,16033,1.0
16039,16040,0.75
16041,16042,1.0
16045,16046,1.0
16053,16054,1.0
16057,16058,0.75
16069,16070,1.0
16078,16079,2.0
16080,16081,1.4
16088,16089,0.75
16092,16093,1.3333333333333333
16093,16094,1.3333333333333333
16095,16096,1.0
16100,16101,1.0
16112,16113,1.5
16114,16115,0.8
16117,16118,1.4
16118,16119,1.0
16127,16128,0.75
16130,16131,1.5
16137,16138,0.8
16141,16142,1.0
16147,16148,1.0
16152,16153,1.5
16156,16157,1.0
16159,16160,0.75
16162,16163,1.0
16170,16171,0.75
16178,16179,1.25
16180,16181,1.25
16219,16220,1.5
16220,16221,1.0
16221,16222,1.5
16223,16224,1.0
16232,16233,0.75
16241,16242,0.75
16251,16252,0.8
16258,16259,1.3333333333333333
16270,16271,1.3333333333333333
16280,16281,1.0
16283,16284,1.25
16285,16286,1.0
16292,16293,0.8
16299,16300,0.75
16300,16301,0.75
16322,16323,1.0
16326,16327,0.8
16346,16347,1.2
16365,16366,1.5
16384,16385,1.5
16385,16386,1.0
16387,16388,0.75
16392,16393,1.5
16400,16401,1.0
16422,16423,2.0
16434,16435,1.0
16457,16458,1.25
16458,16459,1.0
16462,16463,1.6666666666666667
16474,16475,1.2
16490,16491,1.0
16494,16495,1.5
16497,16498,1.0
16518,16519,0.8
16521,16522,1.0
16538,16539,1.6666666666666667
16547,16548,0.75
16553,16554,1.0
16554,16555,0.75
16556,16557,0.8
16559,16560,1.25
16562,16563,0.75
16564,16565,2.0
16584,16585,0.8
16586,16587,0.75
16606,16607,1.0
16608,16609,1.6666666666666667
16616,16617,0.75
16621,16622,0.75
16625,16626,0.75
16627,16628,1.2
16630,16631,1.3333333333333333
16635,16636,0.8
16640,16641,0.8
16653,16654,1.0
16656,16657,1.25
16657,16658,0.75
16662,16663,0.75
16664,16665,1.0
16666,16667,1.5
16668,16669,0.75
16669,16670,1.6666666666666667
16674,16675,0.75
16680,16681,1.0
16684,16685,1.0
16685,16686,1.0
16687,16688,1.0
16690,16691,1.0
16696,16697,1.6666666666666667
16697,16698,1.0
16706,16707,0.75
16708,16709,1.6666666666666667
16709,16710,1.0
16712,16713,2.0
16719,16720,0.75
16730,16731,2.5
16732,16733,1.0
16744,16745,1.25
16747,16748,1.0
16749,16750,0.75
16754,16755,1.0
16770,16771,1.3333333333333333
16775,16776,2.0
16777,16778,1.0
16779,16780,0.8
16783,16784,1.3333333333333333
16791,16792,1.0
16801,16802,1.2
16807,16808,1.0
16808,16809,1.0
16809,16810,1.0
16815,16816,1.0
16816,16817,1.0
16817,16818,1.3333333333333333
16822,16823,0.8
16849,16850,1.0
16859,16860,0.75
16860,16861,1.0
16861,16862,0.75
16863,16864,1.0
16866,16867,0.8
16879,16880,1.2
16880,16881,1.6666666666666667
16896,16897,2.0
16906,16907,1.0
16919,16920,0.75
16929,16930,0.75
16936,16937,0.75
16949,16950,1.0
16954,16955,1.0
16957,16958,1.3333333333333333
16959,16960,2.0
16963,16964,1.0
16966,16967,2.5
16968,16969,1.5
16979,16980,0.8
16983,16984,0.75
16991,16992,0.75
16993,16994,1.6666666666666667
16995,16996,1.6666666666666667
16996,16997,1.3333333333333333
16997,16998,1.6666666666666667
16998,16999,1.0
